video_id,video_title,video_description,video_tags,video_publish_time,video_obtained_time,video_category,video_thumbnail
KOEfDvr4DcQ,"Face Your Biggest Fear To Win $800,000","I canâ€™t believe how far he got
Face your fears and start your business on Shopify right now ğŸ‘‰ https://shopify.com/mrbeast
Update: Nolan won the challenge, but you can still buy a MrBeast Football at https://go.shop.app/football

New Merch - https://mrbeast.store

Check out Viewstats! - https://www.viewstats.com/

SUBSCRIBE OR I TAKE YOUR DOG
â•”â•â•¦â•—â•”â•¦â•—â•”â•â•¦â•â•¦â•¦â•¦â•¦â•—â•”â•â•—
â•‘â•šâ•£â•‘â•‘â•‘â•šâ•£â•šâ•£â•”â•£â•”â•£â•‘â•šâ•£â•â•£ 
â• â•—â•‘â•šâ•â•‘â•‘â• â•—â•‘â•šâ•£â•‘â•‘â•‘â•‘â•‘â•â•£
â•šâ•â•©â•â•â•©â•â•©â•â•©â•â•©â•â•šâ•©â•â•©â•â•

For any questions or inquiries regarding this video, please reach out to chucky@mrbeastbusiness.com

Music Provided by https://www.extrememusic.com

ğŸµMusic licensed from Lickd. The biggest mainstream and stock music platform for content creators. https://go.lickd.co/MrBeast6
The Pure and the Damned by Oneohtrix Point Never: https://lickd.lnk.to/9hyYYxa2YP License ID: 2b1kPajr6zq

----------------------------------------------------------------
follow all of these or i will kick you
â€¢ Facebook - https://www.facebook.com/MrBeast6000/
â€¢ Twitter - https://twitter.com/MrBeast
â€¢  Instagram - https://www.instagram.com/mrbeast
â€¢  Im Hiring! - https://www.mrbeastjobs.com/
--------------------------------------------------------------------",,2024-02-10T17:00:00Z,2024-02-21T10:42:19Z,Entertainment,"{'url': 'https://i.ytimg.com/vi/KOEfDvr4DcQ/maxresdefault.jpg', 'width': 1280, 'height': 720}"
